[{"model": "tournoisApp.team", "pk": 1, "fields": {"Name": "Arsenul", "Coach": "Arsène", "ListOfPLayer": "Thierry, Henri"}}, {"model": "tournoisApp.team", "pk": 2, "fields": {"Name": "Bayer Leverkussek", "Coach": "Gégé", "ListOfPLayer": "Lucas, Guinaudeau"}}, {"model": "tournoisApp.team", "pk": 3, "fields": {"Name": "Les six roses", "Coach": "Polo", "ListOfPLayer": "Pierre, Perret"}}, {"model": "tournoisApp.team", "pk": 4, "fields": {"Name": "Milan Cassé", "Coach": "Patrick", "ListOfPLayer": "JP, salade"}}, {"model": "tournoisApp.team", "pk": 5, "fields": {"Name": "Fc Foot", "Coach": "Lunette", "ListOfPLayer": "Bouclette, Capuche"}}, {"model": "tournoisApp.team", "pk": 6, "fields": {"Name": "As Ballon", "Coach": "Gu", "ListOfPLayer": "Canuche, Baril"}}, {"model": "tournoisApp.team", "pk": 7, "fields": {"Name": "TFChèvre", "Coach": "Tarti", "ListOfPLayer": "Ferdi, Roman"}}, {"model": "tournoisApp.team", "pk": 8, "fields": {"Name": "MPR", "Coach": "Sam", "ListOfPLayer": "Juju, Romane"}}, {"model": "tournoisApp.team", "pk": 9, "fields": {"Name": "Les jaunes", "Coach": "Paul", "ListOfPLayer": "Bardouin, Duval"}}, {"model": "tournoisApp.team", "pk": 10, "fields": {"Name": "SCO Agés", "Coach": "JP", "ListOfPLayer": "Arthur, Chaise"}}, {"model": "tournoisApp.team", "pk": 11, "fields": {"Name": "Olympique", "Coach": "Aulas", "ListOfPLayer": "Gilles, sydney"}}, {"model": "tournoisApp.team", "pk": 12, "fields": {"Name": "Git", "Coach": "Tanguy", "ListOfPLayer": "Valentin, Ginès"}}, {"model": "tournoisApp.team", "pk": 13, "fields": {"Name": "Les Snow kids", "Coach": "Djoke", "ListOfPLayer": "MicroIce, Aïto"}}, {"model": "tournoisApp.team", "pk": 14, "fields": {"Name": "Marina", "Coach": "Requin", "ListOfPLayer": "Tek, no"}}, {"model": "tournoisApp.team", "pk": 15, "fields": {"Name": "Les Aliens", "Coach": "Hugo", "ListOfPLayer": "Fumier, Paplain"}}, {"model": "tournoisApp.team", "pk": 16, "fields": {"Name": "Casual Gabberz", "Coach": "Paul Seul", "ListOfPLayer": "Boe Strummer, Von Bikrav"}}, {"model": "tournoisApp.team", "pk": 17, "fields": {"Name": "Equipe1", "Coach": "Coach1", "ListOfPLayer": "Joueurs1"}}, {"model": "tournoisApp.team", "pk": 18, "fields": {"Name": "Equipe2", "Coach": "Coach2", "ListOfPLayer": "Joueurs2"}}, {"model": "tournoisApp.team", "pk": 19, "fields": {"Name": "Equipe3", "Coach": "Coach3", "ListOfPLayer": "Joueurs3"}}, {"model": "tournoisApp.team", "pk": 20, "fields": {"Name": "Equipe4", "Coach": "Coach4", "ListOfPLayer": "Joueurs4"}}, {"model": "tournoisApp.team", "pk": 21, "fields": {"Name": "Equipe5", "Coach": "Coach5", "ListOfPLayer": "Joueurs5"}}, {"model": "tournoisApp.team", "pk": 22, "fields": {"Name": "Equipe6", "Coach": "Coach6", "ListOfPLayer": "Joueurs6"}}, {"model": "tournoisApp.team", "pk": 23, "fields": {"Name": "Equipe7", "Coach": "Coach7", "ListOfPLayer": "Joueurs7"}}, {"model": "tournoisApp.team", "pk": 24, "fields": {"Name": "Equipe8", "Coach": "Coach8", "ListOfPLayer": "Joueurs8"}}, {"model": "tournoisApp.team", "pk": 25, "fields": {"Name": "Equipe9", "Coach": "Coach9", "ListOfPLayer": "Joueurs9"}}, {"model": "tournoisApp.team", "pk": 26, "fields": {"Name": "Equipe10", "Coach": "Coach10", "ListOfPLayer": "Joueurs10"}}, {"model": "tournoisApp.tournament", "pk": 1, "fields": {"Name": "Tournoi de sixte", "Location": "Saint-Christophe-du-Bois", "Date": "2019-05-22", "End_date": "2019-05-22", "NBPool": 4, "NBTeamPerPool": 4, "NBPointOnWin": 3, "NBPointOnTie": 1, "NBPointOnLose": 0}}, {"model": "tournoisApp.tournament", "pk": 2, "fields": {"Name": "creation des matchs d'une pool", "Location": "Supaero", "Date": "2023-05-10", "End_date": "2023-05-17", "NBPool": 1, "NBTeamPerPool": 5, "NBPointOnWin": 3, "NBPointOnTie": 1, "NBPointOnLose": 0}}, {"model": "tournoisApp.pool", "pk": 1, "fields": {"Tournois": 1, "index": 0, "Teams": [1, 2, 3, 4]}}, {"model": "tournoisApp.pool", "pk": 2, "fields": {"Tournois": 1, "index": 2, "Teams": [5, 6, 7, 8]}}, {"model": "tournoisApp.pool", "pk": 3, "fields": {"Tournois": 1, "index": 1, "Teams": [9, 10, 11, 12]}}, {"model": "tournoisApp.pool", "pk": 4, "fields": {"Tournois": 1, "index": 3, "Teams": [13, 14, 15, 16]}}, {"model": "tournoisApp.pool", "pk": 5, "fields": {"Tournois": 2, "index": 1, "Teams": [17, 18, 19, 20, 21]}}, {"model": "tournoisApp.pool", "pk": 6, "fields": {"Tournois": 2, "index": 0, "Teams": [22, 23, 24, 25, 26]}}, {"model": "tournoisApp.match", "pk": 107, "fields": {"Date": "2023-05-03T22:00:00Z", "Location": "Saint-Christophe-du-Bois", "Longitude": -0.9470641985535623, "Lattitude": 47.02443075478391, "Team1": 1, "Team2": 2, "Score1": 5, "Score2": 0, "isPool": true, "Round": 0, "Pool": 1, "Tournament": 1}}, {"model": "tournoisApp.match", "pk": 108, "fields": {"Date": "2023-05-04T10:35:00Z", "Location": "Saint-Christophe-du-Bois", "Longitude": -0.9470641985535623, "Lattitude": 47.02456240126076, "Team1": 1, "Team2": 3, "Score1": 6, "Score2": 3, "isPool": true, "Round": 0, "Pool": 1, "Tournament": 1}}, {"model": "tournoisApp.match", "pk": 109, "fields": {"Date": "2023-05-05T12:30:00Z", "Location": "Supaero", "Longitude": 1.4770304784178734, "Lattitude": 43.56493803186834, "Team1": 1, "Team2": 4, "Score1": 2, "Score2": 4, "isPool": true, "Round": 0, "Pool": 1, "Tournament": 1}}, {"model": "tournoisApp.match", "pk": 110, "fields": {"Date": null, "Location": "Saint-Christophe-du-Bois", "Longitude": null, "Lattitude": null, "Team1": 2, "Team2": 3, "Score1": 0, "Score2": 5, "isPool": true, "Round": 0, "Pool": 1, "Tournament": null}}, {"model": "tournoisApp.match", "pk": 111, "fields": {"Date": null, "Location": "Saint-Christophe-du-Bois", "Longitude": null, "Lattitude": null, "Team1": 2, "Team2": 4, "Score1": 4, "Score2": 3, "isPool": true, "Round": 0, "Pool": 1, "Tournament": null}}, {"model": "tournoisApp.match", "pk": 112, "fields": {"Date": null, "Location": "Saint-Christophe-du-Bois", "Longitude": null, "Lattitude": null, "Team1": 3, "Team2": 4, "Score1": 1, "Score2": 1, "isPool": true, "Round": 0, "Pool": 1, "Tournament": null}}, {"model": "tournoisApp.match", "pk": 113, "fields": {"Date": null, "Location": "Saint-Christophe-du-Bois", "Longitude": null, "Lattitude": null, "Team1": 5, "Team2": 6, "Score1": 1, "Score2": 4, "isPool": true, "Round": 0, "Pool": 2, "Tournament": null}}, {"model": "tournoisApp.match", "pk": 114, "fields": {"Date": "2019-05-25T10:00:00Z", "Location": "Saint-Christophe-du-Bois", "Longitude": 1.452770233154297, "Lattitude": 43.595435669874966, "Team1": 5, "Team2": 7, "Score1": 2, "Score2": 4, "isPool": true, "Round": 0, "Pool": 2, "Tournament": 1}}, {"model": "tournoisApp.match", "pk": 115, "fields": {"Date": null, "Location": "Saint-Christophe-du-Bois", "Longitude": null, "Lattitude": null, "Team1": 5, "Team2": 8, "Score1": 4, "Score2": 3, "isPool": true, "Round": 0, "Pool": 2, "Tournament": null}}, {"model": "tournoisApp.match", "pk": 116, "fields": {"Date": null, "Location": "Saint-Christophe-du-Bois", "Longitude": null, "Lattitude": null, "Team1": 6, "Team2": 7, "Score1": 1, "Score2": 5, "isPool": true, "Round": 0, "Pool": 2, "Tournament": null}}, {"model": "tournoisApp.match", "pk": 117, "fields": {"Date": null, "Location": "Saint-Christophe-du-Bois", "Longitude": null, "Lattitude": null, "Team1": 6, "Team2": 8, "Score1": 4, "Score2": 2, "isPool": true, "Round": 0, "Pool": 2, "Tournament": null}}, {"model": "tournoisApp.match", "pk": 118, "fields": {"Date": null, "Location": "Saint-Christophe-du-Bois", "Longitude": null, "Lattitude": null, "Team1": 7, "Team2": 8, "Score1": 2, "Score2": 1, "isPool": true, "Round": 0, "Pool": 2, "Tournament": null}}, {"model": "tournoisApp.match", "pk": 119, "fields": {"Date": null, "Location": "Saint-Christophe-du-Bois", "Longitude": null, "Lattitude": null, "Team1": 9, "Team2": 10, "Score1": 5, "Score2": 4, "isPool": true, "Round": 0, "Pool": 3, "Tournament": null}}, {"model": "tournoisApp.match", "pk": 120, "fields": {"Date": null, "Location": "Saint-Christophe-du-Bois", "Longitude": null, "Lattitude": null, "Team1": 9, "Team2": 11, "Score1": 5, "Score2": 6, "isPool": true, "Round": 0, "Pool": 3, "Tournament": null}}, {"model": "tournoisApp.match", "pk": 121, "fields": {"Date": null, "Location": "Saint-Christophe-du-Bois", "Longitude": null, "Lattitude": null, "Team1": 9, "Team2": 12, "Score1": 4, "Score2": 5, "isPool": true, "Round": 0, "Pool": 3, "Tournament": null}}, {"model": "tournoisApp.match", "pk": 122, "fields": {"Date": null, "Location": "Saint-Christophe-du-Bois", "Longitude": null, "Lattitude": null, "Team1": 10, "Team2": 11, "Score1": 0, "Score2": 0, "isPool": true, "Round": 0, "Pool": 3, "Tournament": null}}, {"model": "tournoisApp.match", "pk": 123, "fields": {"Date": null, "Location": "Saint-Christophe-du-Bois", "Longitude": null, "Lattitude": null, "Team1": 10, "Team2": 12, "Score1": 6, "Score2": 4, "isPool": true, "Round": 0, "Pool": 3, "Tournament": null}}, {"model": "tournoisApp.match", "pk": 124, "fields": {"Date": null, "Location": "Saint-Christophe-du-Bois", "Longitude": null, "Lattitude": null, "Team1": 11, "Team2": 12, "Score1": 2, "Score2": 6, "isPool": true, "Round": 0, "Pool": 3, "Tournament": null}}, {"model": "tournoisApp.match", "pk": 125, "fields": {"Date": null, "Location": "Saint-Christophe-du-Bois", "Longitude": null, "Lattitude": null, "Team1": 13, "Team2": 14, "Score1": 6, "Score2": 4, "isPool": true, "Round": 0, "Pool": 4, "Tournament": null}}, {"model": "tournoisApp.match", "pk": 126, "fields": {"Date": null, "Location": "Saint-Christophe-du-Bois", "Longitude": null, "Lattitude": null, "Team1": 13, "Team2": 15, "Score1": 1, "Score2": 0, "isPool": true, "Round": 0, "Pool": 4, "Tournament": null}}, {"model": "tournoisApp.match", "pk": 127, "fields": {"Date": null, "Location": "Saint-Christophe-du-Bois", "Longitude": null, "Lattitude": null, "Team1": 13, "Team2": 16, "Score1": 5, "Score2": 5, "isPool": true, "Round": 0, "Pool": 4, "Tournament": null}}, {"model": "tournoisApp.match", "pk": 128, "fields": {"Date": null, "Location": "Saint-Christophe-du-Bois", "Longitude": null, "Lattitude": null, "Team1": 14, "Team2": 15, "Score1": 4, "Score2": 1, "isPool": true, "Round": 0, "Pool": 4, "Tournament": null}}, {"model": "tournoisApp.match", "pk": 129, "fields": {"Date": null, "Location": "Saint-Christophe-du-Bois", "Longitude": null, "Lattitude": null, "Team1": 14, "Team2": 16, "Score1": 4, "Score2": 3, "isPool": true, "Round": 0, "Pool": 4, "Tournament": null}}, {"model": "tournoisApp.match", "pk": 130, "fields": {"Date": null, "Location": "Saint-Christophe-du-Bois", "Longitude": null, "Lattitude": null, "Team1": 15, "Team2": 16, "Score1": 3, "Score2": 2, "isPool": true, "Round": 0, "Pool": 4, "Tournament": null}}, {"model": "tournoisApp.match", "pk": 164, "fields": {"Date": null, "Location": "Saint-Christophe-du-Bois", "Longitude": null, "Lattitude": null, "Team1": 1, "Team2": 6, "Score1": 1, "Score2": 6, "isPool": false, "Round": 1, "Pool": null, "Tournament": 1}}, {"model": "tournoisApp.match", "pk": 165, "fields": {"Date": null, "Location": "Saint-Christophe-du-Bois", "Longitude": null, "Lattitude": null, "Team1": 7, "Team2": 3, "Score1": 2, "Score2": 5, "isPool": false, "Round": 1, "Pool": null, "Tournament": 1}}, {"model": "tournoisApp.match", "pk": 166, "fields": {"Date": null, "Location": "Saint-Christophe-du-Bois", "Longitude": null, "Lattitude": null, "Team1": 12, "Team2": 14, "Score1": 6, "Score2": 3, "isPool": false, "Round": 1, "Pool": null, "Tournament": 1}}, {"model": "tournoisApp.match", "pk": 167, "fields": {"Date": null, "Location": "Saint-Christophe-du-Bois", "Longitude": null, "Lattitude": null, "Team1": 13, "Team2": 10, "Score1": 0, "Score2": 6, "isPool": false, "Round": 1, "Pool": null, "Tournament": 1}}, {"model": "tournoisApp.match", "pk": 168, "fields": {"Date": null, "Location": "Saint-Christophe-du-Bois", "Longitude": null, "Lattitude": null, "Team1": 6, "Team2": 3, "Score1": 2, "Score2": 4, "isPool": false, "Round": 2, "Pool": null, "Tournament": 1}}, {"model": "tournoisApp.match", "pk": 169, "fields": {"Date": null, "Location": "Saint-Christophe-du-Bois", "Longitude": null, "Lattitude": null, "Team1": 12, "Team2": 10, "Score1": 5, "Score2": 3, "isPool": false, "Round": 2, "Pool": null, "Tournament": 1}}, {"model": "tournoisApp.match", "pk": 170, "fields": {"Date": null, "Location": "Saint-Christophe-du-Bois", "Longitude": null, "Lattitude": null, "Team1": 3, "Team2": 12, "Score1": 0, "Score2": 5, "isPool": false, "Round": 3, "Pool": null, "Tournament": 1}}, {"model": "auth.user", "pk": 1, "fields": {"password": "pbkdf2_sha256$600000$cXHWr7wzjNlxfbEsqPOGiY$Nol48+/s5e0ZmtS0nRJdhSnkm0dvNorUYbsRO764PwE=", "last_login": "2023-05-02T06:59:07.271Z", "is_superuser": true, "username": "jlaba", "first_name": "", "last_name": "", "email": "j.labaisse@outlook.fr", "is_staff": true, "is_active": true, "date_joined": "2023-05-02T06:55:53.668Z", "groups": [], "user_permissions": []}}, {"model": "auth.user", "pk": 2, "fields": {"password": "pbkdf2_sha256$600000$S0u4Be1wS4HwvDrYc0Nwzt$IayCCmXPTeZ5YUU97dBxlQO69rqfZBPSeoPczkxzMWw=", "last_login": "2023-05-04T20:04:07.849Z", "is_superuser": true, "username": "valentin", "first_name": "", "last_name": "", "email": "", "is_staff": true, "is_active": true, "date_joined": "2023-05-04T19:23:39.387Z", "groups": [], "user_permissions": []}}, {"model": "auth.user", "pk": 3, "fields": {"password": "pbkdf2_sha256$600000$Toutqavot4GAg01xP4CD1l$dllMYhTP7SCkyOcky1xP6+NQx0cw+bL+VDfvJkZHfn8=", "last_login": "2023-05-04T20:07:45.557Z", "is_superuser": false, "username": "user", "first_name": "", "last_name": "", "email": "", "is_staff": true, "is_active": true, "date_joined": "2023-05-04T20:07:07.667Z", "groups": [], "user_permissions": []}}, {"model": "tournoisApp.comment", "pk": 1, "fields": {"User": ["valentin"], "Match": 107, "Date": "2023-05-04T19:33:41.904Z", "Content": "super match"}}, {"model": "tournoisApp.comment", "pk": 2, "fields": {"User": ["valentin"], "Match": 108, "Date": "2023-05-04T19:39:48.416Z", "Content": "Vivent les Six Roses!!"}}, {"model": "tournoisApp.comment", "pk": 3, "fields": {"User": ["valentin"], "Match": 109, "Date": "2023-05-04T19:41:00.948Z", "Content": "c'est chez nous!"}}, {"model": "tournoisApp.comment", "pk": 4, "fields": {"User": ["user"], "Match": 107, "Date": "2023-05-04T20:08:05.296Z", "Content": "beurk"}}]